Event ID,Title,URL,DateTime,Venue,Prefecture,Event Type
"39201","ナマ歌SEXYパーティー＃22 友田真希＆倖田李梨が閉店までひたすら吞みまくり＆歌…","https://www.av-event.jp/event/39201/","","","",""
"39127","4/30(木)白石茉莉奈ちゃんイベント！","https://www.av-event.jp/event/39127/","","","",""
"39387","5月 9日（土）浜崎真緒　パチンコ実践来店","https://www.av-event.jp/event/39387/","","","",""
"38791","5/9（土）音琴るいちゃんデビュー10周年記念！岡山イベント","https://www.av-event.jp/event/38791/","","","",""
"39231","5/9(土)宮本さと美ちゃんイベント！","https://www.av-event.jp/event/39231/","","","",""
"39404","5/9(土)★マドンナ専属 大島優香さん★イベントin横浜！！","https://www.av-event.jp/event/39404/","","","",""
"39267","板垣あずさと春のBBQ PARTY","https://www.av-event.jp/event/39267/","","","",""
"39280","市川まさみ　Red Dradon Foreverオフ会","https://www.av-event.jp/event/39280/","","","",""
"39143","【プラネットプラス】 5/3(日) 卯水咲流 ＠秋葉原DVDリリースイベント開催決定★☆","https://www.av-event.jp/event/39143/","","","",""
"39393","伊藤舞雪トークオフ会　2026","https://www.av-event.jp/event/39393/","","","",""
"39230","5/6(水)かたよせ荻花ちゃんイベント！","https://www.av-event.jp/event/39230/","","","",""
"39105","5/6（水・祝）13時～＆17時〜 安野由美さん＆多田有花さん【DVD発売イベント】グ…","https://www.av-event.jp/event/39105/","","","",""
"39303","5月 6日（水）村上悠華　パチンコ来店","https://www.av-event.jp/event/39303/","","","",""
"39215","5/6(水,祝) 小島みこ＆桜ゆのWサイン会イベントin秋葉原開催！【プラネットプラス】","https://www.av-event.jp/event/39215/","","","",""
"38655","4月18日(土）玉木くるみちゃんイベント＠川口","https://www.av-event.jp/event/38655/","","","",""
"39091","4/18(土)浅倉みのりちゃんイベント！","https://www.av-event.jp/event/39091/","","","",""
"38956","【プラネットプラス】 4/18(土) 卯水咲流 ＠群馬県DVDリリースイベント開催決定★☆","https://www.av-event.jp/event/38956/","","","",""
"38330","4/18（土）栄川乃亜ちゃん岡山オフ会","https://www.av-event.jp/event/38330/","","","",""
"39163","小那海あや 個人撮影会&オンライン撮影会","https://www.av-event.jp/event/39163/","","","",""
"38553","4/19（日）栄川乃亜ちゃん岡山ラストイベント","https://www.av-event.jp/event/38553/","","","",""
"38984","4/19(日)笹倉杏ちゃんイベント！","https://www.av-event.jp/event/38984/","","","",""
"39070","範田紗々大阪誕生日会","https://www.av-event.jp/event/39070/","","","",""
"38988","4/20(月)市川まさみちゃんイベント！","https://www.av-event.jp/event/38988/","","","",""
"39104","4/24㊎ 彩奈リナちゃん★DVDイベント！＠ソフネット本店【秋葉原】","https://www.av-event.jp/event/39104/","","","",""
"37482","4/25（土）開催！【3部制】LINXカフェ 彩奈リナ×葵百合香","https://www.av-event.jp/event/37482/","","","",""
"39176","4/25（土）純白 彩永さん仙台イベント！パラダイスBOX仙台店","https://www.av-event.jp/event/39176/","","","",""
"38917","【Akiba Collab Time 2026】4/25(土)12:00湊月かれんさんデビューイベ","https://www.av-event.jp/event/38917/","","","",""
"39408","水卜さくら写真集『水うらなひ』発売記念イベント","https://www.av-event.jp/event/39408/","","","",""
"39062","【完売】4/25（土）12:00～　九野ひなのちゃんMOODYZリリースイベント！","https://www.av-event.jp/event/39062/","","","",""
"38900","4/25㊏ 村上悠華さん✦DVD発売イベント！@秋葉原","https://www.av-event.jp/event/38900/","","","",""
"39245","4/25(土)ぱむちゃんコスプレチェキ会","https://www.av-event.jp/event/39245/","","","",""
"38268","4/25(土)17時～桃園怜奈『Rena2　RemotioNal-Image Movie-』＠秋葉原","https://www.av-event.jp/event/38268/","","","",""
"39151","水卜さくら写真集「水うらなひ」発売記念オンラインイベント","https://www.av-event.jp/event/39151/","","","",""
"38664","4/26（日）香澄せなちゃん岡山イベント","https://www.av-event.jp/event/38664/","","","",""
"38116","春原未来展2026 猛官能！猛挑発！至極の言葉責め祭り！プレミアム猛接近撮影＆オフ会","https://www.av-event.jp/event/38116/","","","",""
"39056","【MILK】4月26日（日）♡河合陽菜♡名古屋イベント","https://www.av-event.jp/event/39056/","","","",""
"39033","タカラ映像イベント4月27日(月)寺島志保さんDVDリリースイベント＠ラムタラ昭和通…","https://www.av-event.jp/event/39033/","","","",""
"39177","2026年4月28日(火)★紺野ひかる★イベント！【ラムタラ高田馬場店】","https://www.av-event.jp/event/39177/","","","",""
"38790","4/28(火)17時30分～(19時30分新規受付終了) 栄川乃亜『Noa2 瑠璃色のフィナーレ』","https://www.av-event.jp/event/38790/","","","",""
"39131","4/28(火)藤崎そあちゃんイベント！","https://www.av-event.jp/event/39131/","","","",""
"39283","[マザー]4月28日(火)浜部ののかさんデビューイベント＠ラムタラ昭和通り口店開催決定","https://www.av-event.jp/event/39283/","","","",""
"39097","赤面女子 イベント@秋葉原 尋井うみ","https://www.av-event.jp/event/39097/","","","",""
"39184","4月 27日（月）浜崎真緒　パチンコ実践来店","https://www.av-event.jp/event/39184/","","","",""
"39050","【スパイスビジュアル】4/29(祝)12時スタート『辰巳ゆい  静かに、惹かれて』(60名…","https://www.av-event.jp/event/39050/","","","",""
"39360","5/13(水)　久和原せいらさん　イベント開催！【ラムタラ秋葉原店】","https://www.av-event.jp/event/39360/","","","",""
"39232","5/15(金)ほにょ。イベント！","https://www.av-event.jp/event/39232/","","","",""
"39240","5/16(土)一ノ瀬恋ちゃんイベント！","https://www.av-event.jp/event/39240/","","","",""
"38935","【岡山同時多発エロ】5/16（土）友田真希ちゃん","https://www.av-event.jp/event/38935/","","","",""
"39433","範田紗々と春のBBQ PARTY","https://www.av-event.jp/event/39433/","","","",""
"39428","九野ひなの　団体撮影会","https://www.av-event.jp/event/39428/","","","",""
"39396","【ARCHE Early Summer 2026】5月17日16:00～しらたまちゃんデビューイベ","https://www.av-event.jp/event/39396/","","","",""
"39452","【ナチュラルハイ】過激OK娘イベント！！　和栗ゆゆ in エピカリアキバ","https://www.av-event.jp/event/39452/","","","",""
"39370","【ナチュラルハイ】過激OK娘イベント！！　小島みこ in ラムタラ秋葉原","https://www.av-event.jp/event/39370/","","","",""
"39167","【オリンポス】  5月23日(土)  由良かな  愛知イベント  開催決定！","https://www.av-event.jp/event/39167/","","","",""
"39338","5/23(土)川上なな実ちゃんイベント！","https://www.av-event.jp/event/39338/","","","",""
"39169","【オリンポス】  5月24日(日)  由良かな  大阪イベント  開催決定！","https://www.av-event.jp/event/39169/","","","",""
"39340","【詳細未定】5/24(日)桃園怜奈ちゃんイベント！","https://www.av-event.jp/event/39340/","","","",""
"39324","5/26(火)久和原せいらちゃんイベント！","https://www.av-event.jp/event/39324/","","","",""
"39363","5/29(金)　音羽美鈴さん　イベント開催！【ラムタラ秋葉原店】","https://www.av-event.jp/event/39363/","","","",""
"37392","※1/17延期分　【あたご屋】 香澄せな  福岡イベント  開催決定！","https://www.av-event.jp/event/37392/","","","",""
"39399","【ARCHE Early Summer 2026】5月30日12:00～水卜さくらさんイベント","https://www.av-event.jp/event/39399/","","","",""
"39287","5/30（土）16:30～　めぐりさんMadonnaリリースイベント！","https://www.av-event.jp/event/39287/","","","",""
"37393","※1/18延期分　【あたご屋】 香澄せな  福岡イベント  開催決定！","https://www.av-event.jp/event/37393/","","","",""
"39119","5/31（日）藤崎そあ（旧Soa）ちゃん神戸イベント","https://www.av-event.jp/event/39119/","","","",""
"39389","【DAHLIA】水彩あき イベント♡秋葉原","https://www.av-event.jp/event/39389/","","","",""
"39012","【ハーレムハグチャンス】彩奈リナさん＆吉岡ひよりさんとパーティー系ボードゲーム…","https://www.av-event.jp/event/39012/","","","",""
"39227","6/6（土）東凛ちゃん神戸イベント","https://www.av-event.jp/event/39227/","","","",""
"39199","超危険アイドル降臨「濡田まな」衣装七変化大暴走祭！プレミアム撮影会","https://www.av-event.jp/event/39199/","","","",""
"39323","6/27(土)11時30分～めぐり『Meguri2　再臨のヴィーナス』REbecca＠秋葉原","https://www.av-event.jp/event/39323/","","","",""
"38932","【MAXING】4月17日(金)　 桜ゆの　秋葉原リリースイベント開催決定！！","https://www.av-event.jp/event/38932/","","","",""
"38870","【プラネットプラス】 4/17(金) 成宮いろは ＠秋葉原イベント開催決定！！","https://www.av-event.jp/event/38870/","","","",""
"38964","4/12(日)Maho Masoshist＆柊ちゃんWイベント！","https://www.av-event.jp/event/38964/","","","",""
"38861","【DAHLIA】水彩あき イベント♡秋葉原","https://www.av-event.jp/event/38861/","","","",""
"39352","白石茉莉奈のtalking free（渋谷クロスFM公開収録）","https://www.av-event.jp/event/39352/","","","",""
"38963","4/12(日)音羽美鈴ちゃんイベント！","https://www.av-event.jp/event/38963/","","","",""
"38976","4/12（日） 村上悠華さんサイン会　2部制 各部40名限定","https://www.av-event.jp/event/38976/","","","",""
"39069","4/11(土)松本菜奈実ちゃんイベント！","https://www.av-event.jp/event/39069/","","","",""
"38865","【ナチュラルハイ】過激OK娘イベント！！　梅川ことね in ラムタラ上野","https://www.av-event.jp/event/38865/","","","",""
"38899","【Akiba Collab Time 2026】4/11(土)12:00～かたよせ萩花さんinラム昭","https://www.av-event.jp/event/38899/","","","",""
"38981","4/11（土）栄川乃亜さん仙台イベント！パラダイスBOX仙台店","https://www.av-event.jp/event/38981/","","","",""
"38851","4/9（木）18:00～　オーラ艶めく熟女降臨ー。加藤あやのさん 新作リリースイベント！","https://www.av-event.jp/event/38851/","","","",""
"39035","4/8(水)久和原せいらちゃんイベント！","https://www.av-event.jp/event/39035/","","","",""
"38869","4/8㊌ 中山ふみかさん✦DVD発売イベント！@秋葉原","https://www.av-event.jp/event/38869/","","","",""
"39096","【完売】4/6(月)村上悠華ちゃんイベント！","https://www.av-event.jp/event/39096/","","","",""
"38167","超、紺野ひかる祭り。絶景フェイスで神誘惑！極上パフォーマンスで猛魅了！プレミ…","https://www.av-event.jp/event/38167/","","","",""
"34652","4/5（日）開催！稲森美優　個人撮影会","https://www.av-event.jp/event/34652/","","","",""
"39026","2026年4月5日(日)10:00～【MOODYZ専属】水卜さくら祭リリイベinラムタラ上野","https://www.av-event.jp/event/39026/","","","",""
"37793","笹倉杏(元緒川はる)さんイベント","https://www.av-event.jp/event/37793/","","","",""
"38834","笹倉杏(元緒川はる)さんイベント","https://www.av-event.jp/event/38834/","","","",""
"38666","《完売》4/4(土)　めぐりさん　イベント開催！【ラムタラ秋葉原店】","https://www.av-event.jp/event/38666/","","","",""
"38606","※延期となりました、日程調整中【GWALK】 木村玲衣 サイン・撮影会＠…","https://www.av-event.jp/event/38606/","","","",""
"38931","4/4「土」桜木えりか 大阪イベント♪","https://www.av-event.jp/event/38931/","","","",""
"38930","4/4「土」本城はな 大阪イベント♪","https://www.av-event.jp/event/38930/","","","",""
"38772","4/3(金)柿沢千智ちゃんイベント！","https://www.av-event.jp/event/38772/","","","",""
"38975","4月3日(金)17:00〜♥大島優香♥リリースイベントin買取販売市場ムーランアキバ本店","https://www.av-event.jp/event/38975/","","","",""
"38489","【MAXING】4月2日(木)　美ノ嶋めぐり 秋葉原リリースイベント開催決定！！","https://www.av-event.jp/event/38489/","","","",""
"38797","【ナチュラルハイ】過激OK娘イベント！！　ふじさき紫 in エピカリアキバ","https://www.av-event.jp/event/38797/","","","",""
"38652","【DAHLIA】小沢菜穂 イベント♡秋葉原","https://www.av-event.jp/event/38652/","","","",""
"38928","3/29「日」氷堂うる","https://www.av-event.jp/event/38928/","","","",""
"38763","範田紗々とお花見会","https://www.av-event.jp/event/38763/","","","",""
"38788","3/28（土）ぺちズム～ぺちが気になる人と好き勝手トークするイベント-Stage23","https://www.av-event.jp/event/38788/","","","",""
"38360","3/28(土) 【jump-av】香澄せな イベント＆オフ会 in 大阪 開催決定！","https://www.av-event.jp/event/38360/","","","",""
"38488","3月28日（土）笹倉 杏ちゃんイベント＠川口","https://www.av-event.jp/event/38488/","","","",""
"38605","【小向美奈子】2026年3月28日(土)撮影会 開催決定！","https://www.av-event.jp/event/38605/","","","",""
"38810","Welcome to Mine’S～謎の超大型新人女優お披露目パーティー","https://www.av-event.jp/event/38810/","","","",""
"38028","【grace】中村まい　DVD＆BD発売記念イベント【買取販売市場ムーランアキバ】","https://www.av-event.jp/event/38028/","","","",""
"38738","3/26(木)白石茉莉奈ちゃんイベント！","https://www.av-event.jp/event/38738/","","","",""
"38640","3/23(月)市川まさみちゃんイベント！","https://www.av-event.jp/event/38640/","","","",""
"38639","3/23(月)ほにょ。ちゃんイベント！","https://www.av-event.jp/event/38639/","","","",""
"38637","3/22(日)浅倉みのりちゃんイベント！","https://www.av-event.jp/event/38637/","","","",""
"38584","【DAHLIA】糸矢めい イベント♡秋葉原","https://www.av-event.jp/event/38584/","","","",""
"38582","3/22（日）17時～　美しき一凛にまた、会いたい。いち花さん新作リリースイベント！","https://www.av-event.jp/event/38582/","","","",""
"38636","3/22(日)笹倉杏ちゃんイベント！","https://www.av-event.jp/event/38636/","","","",""
"38585","3/22(日)★MOODYZ専属 水卜さくらさん★イベントin横浜","https://www.av-event.jp/event/38585/","","","",""
"38471","3月 21日（土）浜崎真緒　パチンコ店　来店","https://www.av-event.jp/event/38471/","","","",""
"38628","【完売】3/20(金・祝)桃園怜奈ちゃんイベント！","https://www.av-event.jp/event/38628/","","","",""
"38481","【プラネットプラス】 3/20(金,祝) 小島みこ ＠秋葉原DVDリリースイベント開催決定★☆","https://www.av-event.jp/event/38481/","","","",""
"38871","月刊しおりーぬ 第25号","https://www.av-event.jp/event/38871/","","","",""
"38575","めぐりの春♡満開！in大阪買取りまっくす","https://www.av-event.jp/event/38575/","","","",""
"38494","【ワープエンタテインメント】3月19日（木）音琴るい 大宮イベント開催！","https://www.av-event.jp/event/38494/","","","",""
"38624","3/18(水)久和原せいらちゃんイベント！","https://www.av-event.jp/event/38624/","","","",""
"38586","【MAX-A】3/17(火)黒川すみれイベント","https://www.av-event.jp/event/38586/","","","",""
"38669","3月 15日（日）希島あいり　パチンコ来店","https://www.av-event.jp/event/38669/","","","",""
"38466","3/15(日)山口由愛ちゃんイベント！","https://www.av-event.jp/event/38466/","","","",""
"38594","【完売】3/14(土)村上悠華ちゃんイベント！","https://www.av-event.jp/event/38594/","","","",""
"38621","3/14(土)宮本さと美ちゃんイベント！","https://www.av-event.jp/event/38621/","","","",""
"38477","2026年3月13日(金)★彩奈リナ★イベント！【ラムタラ大宮駅前店】","https://www.av-event.jp/event/38477/","","","",""
"38482","3/12（木）17:30～　西田カリナさん復活！アタッカーズでAV復帰イベント","https://www.av-event.jp/event/38482/","","","",""
"38467","3/11(水)羽生アリサちゃんイベント！","https://www.av-event.jp/event/38467/","","","",""
"38660","3/9(月)川上なな実ちゃんイベント！","https://www.av-event.jp/event/38660/","","","",""
"38456","3/9(月)17時30分～(19時30分新規受付終了) 松本菜奈実『Nanami3』＠秋葉原","https://www.av-event.jp/event/38456/","","","",""
"38562","3/8(日)Maho Masoshist＆柊ちゃんWイベント！","https://www.av-event.jp/event/38562/","","","",""
"38770","白石茉莉奈のtalking free（渋谷クロスFM公開収録）","https://www.av-event.jp/event/38770/","","","",""